ID,JENJANG,TITLE,CATEGORY
1,SMP,SMP Matematika Bilangan,p
2,SMP,SMP Matematika Himpunan,p
3,SMP,SMP Matematika Bentuk Aljabar dan Operasinya,p
4,SMP,SMP Matematika Persamaan dan Pertidaksamaan Linear Satu Variabel,p
5,SMP,SMP Matematika Perbandingan,p
6,SMP,SMP Matematika Aritmetika Sosial,p
7,SMP,"SMP Matematika Garis, Sudut dan Hubungan Antarsudut",p
8,SMP,SMP Matematika Segiempat dan Segitiga,p
9,SMP,SMP Matematika Statistika,p
10,SMP,SMP Matematika Himpunan,p
11,SMP,SMP Matematika Pola Bilangan,p
12,SMP,SMP Matematika Koordinat Kartesius,p
13,SMP,SMP Matematika Relasi dan Fungsi,p
14,SMP,SMP Matematika Persamaan Garis Lurus,p
15,SMP,SMP Matematika Sistem Persamaan Linear Dua Variabel,p
16,SMP,SMP Matematika Teorema Pythagoras,p
17,SMP,SMP Matematika Lingkaran,p
18,SMP,SMP Matematika Bangun Ruang,p
19,SMP,SMP Matematika Statistika,p
20,SMP,SMP Matematika Peluang,p
21,SMP,SMP Matematika Pangkat (Eksponen) Bilangan Bulat dan Bentuk Akar,p
22,SMP,SMP Matematika Persamaan dan Fungsi Kuadrat,p
23,SMP,SMP Matematika Transformasi,p
24,SMP,SMP Matematika Kesebangunan dan Kekongruenan,p
25,SMP,SMP Matematika Bangun Ruang Sisi Lengkung,p
26,SMP,SMP IPA Objek IPA dan Pengamatannya,p
27,SMP,SMP IPA Konsep Besaran,p
28,SMP,"SMP IPA Mengukur Panjang, Massa dan Waktu",p
29,SMP,SMP IPA Mencari Nilai Luas dan Volume,p
30,SMP,SMP IPA Klasifikasi Makhluk Hidup,p
31,SMP,SMP IPA Ciri-Ciri Benda dan Makhluk Hidup,p
32,SMP,SMP IPA Klasifikasi Mahkluk Hidup,p
33,SMP,SMP IPA Klasifikasi Mahkluk Hidup,p
34,SMP,SMP IPA Klasifikasi Materi dan Perubahannya,p
35,SMP,SMP IPA Tiga Wujud Zat,p
36,SMP,SMP IPA Massa Jenis,p
37,SMP,SMP IPA Sifat dan Perubahan Materi / Zat,p
38,SMP,SMP IPA Reaksi Kimia,p
39,SMP,SMP IPA Asam Basa dan Garam,p
40,SMP,SMP IPA Pemisahan campuran,p
41,SMP,SMP IPA Gerak Benda dan Makhluk Hidup di Lingkungan Sekitar,p
42,SMP,SMP IPA Konsep Gerak,p
43,SMP,SMP IPA Sistem Gerak Manusia,p
44,SMP,SMP IPA Sistem Gerak pada Tumbuhan,p
45,SMP,SMP IPA Usaha dan Pesawat Sederhana dalam Kehidupan Sehari-hari,p
46,SMP,SMP IPA Usaha dan Energi,p
47,SMP,SMP IPA Pesawat Sederhana,p
48,SMP,SMP IPA Penerapan Pesawat Sederhana Pada Sistem Rangka Manusia dan Hewan,p
49,SMP,SMP IPA Struktur dan Fungsi Tumbuhan,p
50,SMP,SMP IPA Sistem Pencernaan Manusia,p
51,SMP,SMP IPA Zat Aditif dan Zat Adiktif,p
52,SMP,SMP IPA Sistem Peredaran Darah Manusia,p
53,SMP,SMP IPA Tekanan Zat dan Penerapannya dalam Kehidupan Sehari-hari,p
54,SMP,SMP IPA Sistem Ekskresi Manusia,p
55,SMP,SMP IPA Getaran dan Gelombang dalam Kehidupan Sehari-hari,p
56,SMP,SMP IPA Getaran dan Gelombang,p
57,SMP,SMP IPA Bunyi,p
58,SMP,SMP IPA Cahaya dan Alat Optik,p
59,SMP,SMP IPA Sistem Reproduksi pada Manusia,p
60,SMP,SMP IPA Reproduksi pada Tumbuhan dan Hewan,p
61,SMP,"SMP IPA Adaptasi, Seleksi Alam dan Perkembangbiakan",p
62,SMP,SMP IPA Pewarisan Sifat pada Makhluk Hidup,p
63,SMP,SMP IPA Pewarisan Sifat,p
64,SMP,SMP IPA Kelistrikan dan Teknologi Listrik di Lingkungan,p
65,SMP,SMP IPA Listrik Statis,p
66,SMP,SMP IPA Listrik Dinamis,p
67,SMP,SMP IPA Kemagnetan dan Pemanfaatannya dalam Produk Teknologi,p
68,SMP,SMP IPA Kemagnetan,p
69,SMP,SMP IPA Bioteknologi Pangan,p
70,SMP,SMP IPA Bioteknologi,p
71,SMP,SMP IPA Partikel Penyusun Benda Mati dan Makhluk Hidup,p
72,SMP,"SMP Bahasa Inggris Expressions of Greetings, Gratitude, and Apology",p
73,SMP,SMP Bahasa Inggris Greetings,p
74,SMP,SMP Bahasa Inggris Expressing Gratitude and Apology,p
75,SMP,SMP Bahasa Inggris Asking and Giving Informations,p
76,SMP,SMP Bahasa Inggris Expressions to Ask and Giving Information,p
77,SMP,"SMP Bahasa Inggris Personal Pronoun, To be, and Articles",p
78,SMP,SMP Bahasa Inggris Family Members and Possessives,p
79,SMP,SMP Bahasa Inggris Telling Time,p
80,SMP,SMP Bahasa Inggris Describing Things,p
81,SMP,SMP Bahasa Inggris Descriptive Text,p
82,SMP,SMP Bahasa Inggris Simple Present Tense,p
83,SMP,"SMP Bahasa Inggris Showing Obligation, Prohibition, and Recommendation",p
84,SMP,SMP Bahasa Inggris Showing Prohibition,p
85,SMP,SMP Bahasa Inggris Short Functional Message,p
86,SMP,SMP Bahasa Inggris Greeting Cards,p
87,SMP,SMP Bahasa Inggris Notice,p
88,SMP,SMP Bahasa Inggris Announcement,p
89,SMP,"SMP Bahasa Inggris There is, There are",p
90,SMP,SMP Bahasa Inggris Prepositions of Place,p
91,SMP,SMP Bahasa Inggris Comparing Things,p
92,SMP,SMP Bahasa Inggris Comparative Degree,p
93,SMP,"SMP Bahasa Inggris Expressing Hope, Wish, and Congratulation",p
94,SMP,SMP Bahasa Inggris Expressions of Hope & Wish,p
95,SMP,SMP Bahasa Inggris Congratulating and Complimenting Someone,p
96,SMP,"SMP Bahasa Inggris Showing Intention, Purpose, and Agreement",p
97,SMP,SMP Bahasa Inggris Agreement and Disagreement,p
98,SMP,SMP Bahasa Inggris Reading Labels,p
99,SMP,SMP Bahasa Inggris Labels,p
100,SMP,SMP Bahasa Inggris Procedure Text,p
101,SMP,SMP Bahasa Inggris Procedure Text,p
102,SMP,SMP Bahasa Inggris Modals and Passive Voice,p
103,SMP,SMP Bahasa Inggris Modals,p
104,SMP,SMP Bahasa Inggris Passive Voice,p
105,SMP,SMP Bahasa Indonesia Teks Berita,p
106,SMP,SMP Bahasa Indonesia Definisi dan Jenis Teks Berita,p
107,SMP,SMP Bahasa Indonesia Membaca Teks Berita,p
108,SMP,"SMP Bahasa Indonesia Teks Iklan, Slogan, dan Poster",p
109,SMP,"SMP Bahasa Indonesia Teks Iklan, Slogan, dan Poster",p
110,SMP,SMP Bahasa Indonesia Teks Eksposisi,p
111,SMP,SMP Bahasa Indonesia Identifikasi Informasi Teks Eksposisi,p
112,SMP,SMP Bahasa Indonesia Struktur Teks Eksposisi,p
113,SMP,SMP Bahasa Indonesia Puisi,p
114,SMP,SMP Bahasa Indonesia Menelaah Unsur-Unsur Pembangun Puisi,p
115,SMP,SMP Bahasa Indonesia Teks Eksplanasi,p
116,SMP,SMP Bahasa Indonesia Identifikasi Informasi Teks Eksplanasi,p
117,SMP,SMP Bahasa Indonesia Menelaah Teks Eksplanasi,p
118,SMP,SMP Bahasa Indonesia Teks Ulasan,p
119,SMP,SMP Bahasa Indonesia Teks Ulasan,p
120,SMP,SMP Bahasa Indonesia Struktur Teks Ulasan,p
121,SMP,SMP Bahasa Indonesia Teks Persuasi,p
122,SMP,SMP Bahasa Indonesia Identifikasi Jenis Teks Persuasi,p
123,SMP,SMP Bahasa Indonesia Struktur Teks Persuasi,p
124,SMP,SMP Bahasa Indonesia Drama,p
125,SMP,SMP Bahasa Indonesia Identifikasi Drama,p
126,SMP,SMP Bahasa Indonesia Unsur-Unsur Drama,p
127,SMP,SMP Bahasa Indonesia Buku Fiksi dan Nonfiksi,p
128,SMP,SMP Bahasa Indonesia Buku Fiksi dan Nonfiksi,p
129,SMP,SMP Bahasa Indonesia Teks Laporan Percobaan,p
130,SMP,SMP Bahasa Indonesia Identifikasi Informasi Teks Laporan Percobaan,p
131,SMP,SMP Bahasa Indonesia Teks Cerita Pendek,p
132,SMP,SMP Bahasa Indonesia Unsur Teks Cerita Pendek,p
133,SMP,SMP Bahasa Indonesia Teks Tanggapan,p
134,SMP,SMP Bahasa Indonesia Identifikasi Informasi Teks Tanggapan,p
135,SMP,SMP Bahasa Indonesia Teks Diskusi,p
136,SMP,SMP Bahasa Indonesia Teks Diskusi,p
137,SMP,SMP Bahasa Indonesia Teks Cerita Inspiratif,p
138,SMP,SMP Bahasa Indonesia Teks Cerita Inspiratif,p
139,SMP,SMP Bahasa Indonesia Buku Fiksi dan Nonfiksi,p
140,SMP,SMP Bahasa Indonesia Buku Fiksi dan Nonfiksi,p
141,SMA,SMA Matematika Wajib Persamaan dan Pertidaksamaan Linear Nilai Mutlak Satu Variabel,u
142,SMA,SMA Matematika Wajib Sistem Persamaan Linear Tiga Variabel,u
143,SMA,SMA Matematika Wajib Fungsi,u
144,SMA,SMA Matematika Wajib Fungsi Linear - Persamaan Garis,u
145,SMA,SMA Matematika Wajib Persamaan dan Fungsi Kuadrat,u
146,SMA,SMA Matematika Wajib Fungsi Rasional,u
147,SMA,SMA Matematika Wajib Trigonometri,u
148,SMA,SMA Matematika Wajib Perbandingan Trigonometri,u
149,SMA,SMA Matematika Wajib Perbandingan Trigonometri,u
150,SMA,SMA Matematika Wajib Sudut - Sudut Berelasi,u
151,SMA,SMA Matematika Wajib Identitas Trigonometri Sederhana,u
152,SMA,SMA Matematika Wajib Rumus-rumus Segitiga,u
153,SMA,SMA Matematika Wajib Fungsi Trigonometri,u
154,SMA,SMA Matematika Wajib Logika Matematika,u
155,SMA,SMA Matematika Wajib Kalimat-kalimat Logika,u
156,SMA,SMA Matematika Wajib Hubungan Antar Kalimat,u
157,SMA,SMA Matematika Wajib Pengambilan Kesimpulan,u
158,SMA,SMA Matematika Wajib Notasi Sigma,u
159,SMA,SMA Matematika Wajib Induksi Matematika,u
160,SMA,SMA Matematika Wajib Pertidaksamaan Linear Dua Variabel,u
161,SMA,SMA Matematika Wajib Program Linear Dua Variabel,u
162,SMA,SMA Matematika Wajib Matriks,u
163,SMA,SMA Matematika Wajib Dasar Pengertian Matriks,u
164,SMA,SMA Matematika Wajib Operasi Hitung Matriks,u
165,SMA,SMA Matematika Wajib Determinan dan Invers Matriks,u
166,SMA,SMA Matematika Wajib Invers dan Determinan Matriks 3x3,u
167,SMA,SMA Matematika Wajib Transformasi Geometri dengan Matriks,u
168,SMA,SMA Matematika Wajib Transformasi Geometri,u
169,SMA,SMA Matematika Wajib ransformasi Geometri Dasar,u
170,SMA,SMA Matematika Wajib Komposisi Transformasi Geometri,u
171,SMA,SMA Matematika Wajib Barisan dan Deret,u
172,SMA,SMA Matematika Wajib Limit Fungsi Aljabar,u
173,SMA,SMA Matematika Wajib Turunan Fungsi Aljabar,u
174,SMA,SMA Matematika Wajib Integral Tak Tentu Fungsi Aljabar,u
175,SMA,SMA Matematika Wajib Review Turunan,u
176,SMA,SMA Matematika Wajib Dasar Integral,u
177,SMA,SMA Matematika Wajib Subtitusi Dasar,u
178,SMA,SMA Matematika Wajib Dimensi Tiga,u
179,SMA,SMA Matematika Wajib Dasar-Dasar Dimensi Tiga,u
180,SMA,SMA Matematika Wajib Jarak pada Dimensi Tiga,u
181,SMA,SMA Matematika Wajib Sudut pada Dimensi Tiga,u
182,SMA,SMA Matematika Wajib Integral Tentu,u
183,SMA,SMA Matematika Wajib Dasar-Dasar Integral Tentu,u
184,SMA,SMA Matematika Wajib Sifat-Sifat Integral Tentu,u
185,SMA,SMA Matematika Wajib Aplikasi Integral Tentu,u
186,SMA,SMA Matematika Wajib Integral Luas,u
187,SMA,SMA Matematika Wajib Integral Volume,u
188,SMA,SMA Matematika Wajib Statistika Deskriptif,u
189,SMA,SMA Matematika Wajib Pengantar Statistika,u
190,SMA,SMA Matematika Wajib Ukuran Pemusatan Data pada Data Tunggal,u
191,SMA,SMA Matematika Wajib Ukuran Letak Kumpulan Data pada Data Tunggal,u
192,SMA,SMA Matematika Wajib Ukuran Penyebaran Data pada Data Tunggal,u
193,SMA,SMA Matematika Wajib Ukuran Pemusatan Data pada Data Berkelompok,u
194,SMA,SMA Matematika Wajib Ukuran Letak Data dan Penyebaran Data pada Data Berkelompok,u
195,SMA,SMA Matematika Wajib Permutasi dan Kombinasi,u
196,SMA,SMA Matematika Wajib Dasar-dasar Mencacah,u
197,SMA,SMA Matematika Wajib Permutasi dan Kombinasi,u
198,SMA,SMA Matematika Wajib Permutasi Lanjut,u
199,SMA,SMA Matematika Wajib Peluang 1,u
200,SMA,SMA Matematika Wajib Pendahuluan Peluang,u
201,SMA,SMA Matematika Wajib Kejadian dan Berbagai Tipenya,u
202,SMA,SMA Matematika Wajib Pendekatan Aksiomatik,u
203,SMA,SMA Matematika Wajib Peluang 2,u
204,SMA,SMA Matematika Wajib Pengertian Peluang,u
205,SMA,"SMA Matematika Wajib Kaidah Penjumlahan, Pengandaan, dan Bersyarat",u
206,SMA,SMA Matematika Wajib Kejadian Saling Bebas,u
207,SMA,SMA Matematika Wajib Kaidah Bayes,u
208,SMA,"SMA Matematika Peminatan Grafik, Persamaan, dan Pertidaksamaan Eksponen dan Logaritma",a
209,SMA,SMA Matematika Peminatan Eksponen,a
210,SMA,SMA Matematika Peminatan Menggambar Fungsi Eksponen dan Logaritma,a
211,SMA,SMA Matematika Peminatan Persamaan Eksponen dan Logaritma,a
212,SMA,SMA Matematika Peminatan Pembuktian Sifat-Sifat Eksponen,a
213,SMA,SMA Matematika Peminatan Pembuktian Sifat-Sifat Logaritma,a
214,SMA,SMA Matematika Peminatan Eksponen,a
215,SMA,SMA Matematika Peminatan Logaritma,a
216,SMA,SMA Matematika Peminatan Pertidaksamaan Eksponen dan Logaritma,a
217,SMA,SMA Matematika Peminatan Pertidaksamaan Eksponen dan Logaritma,a
218,SMA,SMA Matematika Peminatan Skalar dan Vektor serta Operasi Aljabar Vektor,a
219,SMA,SMA Matematika Peminatan Dasar-dasar Teori Vektor,a
220,SMA,SMA Matematika Peminatan Operasi Vektor,a
221,SMA,SMA Matematika Peminatan Perkalian Vektor,a
222,SMA,SMA Matematika Peminatan Fungsi Trigonometri,a
223,SMA,SMA Matematika Peminatan Persamaan Trigonometri,a
224,SMA,SMA Matematika Peminatan Rumus Jumlah dan Selisih Sinus dan Cosinus,a
225,SMA,SMA Matematika Peminatan Persamaan Lingkaran dan Irisan Dua Lingkaran,a
226,SMA,SMA Matematika Peminatan Basic Skills Persamaan Lingkaran,a
227,SMA,SMA Matematika Peminatan Persamaan Lingkaran,a
228,SMA,SMA Matematika Peminatan Persamaan Lingkaran,a
229,SMA,SMA Matematika Peminatan Kedudukan Titik dan Garis Pada Lingkaran,a
230,SMA,SMA Matematika Peminatan Kedudukan Titik dan Garis Pada Lingkaran,a
231,SMA,SMA Matematika Peminatan Garis Singgung Lingkaran,a
232,SMA,SMA Matematika Peminatan Irisan Dua Lingkaran,a
233,SMA,SMA Matematika Peminatan Suku Banyak,a
234,SMA,SMA Matematika Peminatan Teorema Sisa dan Teorema Faktor,a
235,SMA,"SMA Matematika Peminatan Pembagian Istimewa, FPB, KPK, dan Akar-akar Suku Banyak",a
236,SMA,SMA Matematika Peminatan Horner dan Pembagian Bersusun,a
237,SMA,SMA Matematika Peminatan Limit Tak Hingga dan Limit Fungsi Trigonometri,a
238,SMA,SMA Matematika Peminatan Limit Berhingga Fungsi Trigonometri,a
239,SMA,SMA Matematika Peminatan Limit Tak Hingga Fungsi Aljabar dan Trigonometri,a
240,SMA,SMA Matematika Peminatan Trigonometri dan Kalkulus,a
241,SMA,SMA Matematika Peminatan Statistik Inferensial,a
242,SMA,SMA Matematika Peminatan Sampling,a
243,SMA,SMA Matematika Peminatan Nilai dan Frekuensi Harapan,a
244,SMA,SMA Matematika Peminatan Distribusi Binomial,a
245,SMA,SMA Matematika Peminatan Distribusi Normal,a
246,SMA,SMA Matematika Peminatan Hipotesis dan Pengambilan Kesimpulan,a
247,SMA,SMA Bahasa Inggris Reading Texts,u
248,SMA,SMA Bahasa Inggris Descriptive Texts,u
249,SMA,SMA Bahasa Inggris Invitations,u
250,SMA,SMA Bahasa Inggris Announcement Texts,u
251,SMA,SMA Bahasa Inggris Recount Texts,u
252,SMA,SMA Bahasa Inggris Narrative Texts,u
253,SMA,SMA Bahasa Inggris Expressions,u
254,SMA,SMA Bahasa Inggris Starting & Ending a Conversation,u
255,SMA,SMA Bahasa Inggris Congratulating and Complimenting Someone,u
256,SMA,SMA Bahasa Inggris Talking About Plans,u
257,SMA,SMA Bahasa Inggris Expressing Satisfaction & Dissatisfaction,u
258,SMA,SMA Bahasa Inggris Grammar,u
259,SMA,SMA Bahasa Inggris Parts of Speech & Sentence Building,u
260,SMA,SMA Bahasa Inggris Tenses I (Present and Past Tenses),u
261,SMA,SMA Bahasa Inggris Tenses II (Perfect Tenses),u
262,SMA,SMA Bahasa Inggris Tenses III (Future),u
263,SMA,SMA Bahasa Inggris Passive Voice,u
264,SMA,SMA Bahasa Inggris Nouns and Pronouns,u
265,SMA,SMA Bahasa Inggris Adjectives & Adverbs,u
266,SMA,SMA Bahasa Inggris Personal Letter,u
267,SMA,SMA Bahasa Inggris Exposition Texts,u
268,SMA,SMA Bahasa Inggris Report Texts,u
269,SMA,SMA Bahasa Inggris Explanation Texts,u
270,SMA,SMA Bahasa Inggris Invitation Texts,u
271,SMA,SMA Bahasa Inggris Giving Advice & Warnings,u
272,SMA,SMA Bahasa Inggris Persuading Someone,u
273,SMA,"SMA Bahasa Inggris Expressing Happiness, Sympathy, Attention, Gratitude",u
274,SMA,SMA Bahasa Inggris Cause and Effect Expressions,u
275,SMA,SMA Bahasa Inggris Asking for Opinions,u
276,SMA,SMA Bahasa Inggris Showing Agreement and Disagreement,u
277,SMA,SMA Bahasa Inggris Complex Sentences,u
278,SMA,"SMA Bahasa Inggris Modals I (Requests, Ability, Preference, Necessity)",u
279,SMA,"SMA Bahasa Inggris Modals I (Requests, Ability, Preference, Necessity)",u
280,SMA,SMA Bahasa Inggris Modals II (Advisability and Degree of Certainty),u
281,SMA,SMA Bahasa Inggris Modals III (Passive Voice),u
282,SMA,SMA Bahasa Inggris Gerunds & Infinitives,u
283,SMA,SMA Bahasa Inggris Reading Texts,u
284,SMA,SMA Bahasa Inggris Job Application Letter,u
285,SMA,SMA Bahasa Inggris Instruction Text,u
286,SMA,SMA Bahasa Inggris News Item,u
287,SMA,SMA Bahasa Inggris Caption Text and Visual Information,u
288,SMA,SMA Bahasa Inggris Procedure Texts,u
289,SMA,SMA Bahasa Inggris Offering Help and Making Request,u
290,SMA,SMA Bahasa Inggris Adverb Clause,u
291,SMA,SMA Bahasa Inggris Noun Clause & Reported Speech,u
292,SMA,SMA Bahasa Inggris Materi - Adjective Clause,u
293,SMA,SMA Bahasa Inggris Connectives,u
294,SMA,SMA Bahasa Inggris Conditionals & Wishes,u
295,SMA,SMA Bahasa Inggris Causative Verbs,u
296,SMA,SMA Bahasa Indonesia Teks Observasi,u
297,SMA,SMA Bahasa Indonesia Teks Eksposisi,u
298,SMA,SMA Bahasa Indonesia Teks Anekdot,u
299,SMA,SMA Bahasa Indonesia Teks Negosiasi,u
300,SMA,SMA Bahasa Indonesia Cerita Rakyat,u
301,SMA,SMA Bahasa Indonesia Teks Prosedur,u
302,SMA,SMA Bahasa Indonesia Teks Eksplanasi,u
303,SMA,SMA Bahasa Indonesia Teks Ceramah,u
304,SMA,SMA Bahasa Indonesia Mengkreasikan Cerpen,u
305,SMA,SMA Bahasa Indonesia Pengayaan Buku Fiksi dan Non Fiksi,u
306,SMA,SMA Bahasa Indonesia Karya Ilmiah,u
307,SMA,SMA Bahasa Indonesia Teks Eksplanasi,u
308,SMA,SMA Bahasa Indonesia Surat Lamaran,u
309,SMA,SMA Bahasa Indonesia Teks Cerita Sejarah,u
310,SMA,SMA Bahasa Indonesia Teks Editorial,u
311,SMA,SMA Bahasa Indonesia Nilai Kehidupan Novel,u
312,SMA,SMA Bahasa Indonesia Artikel Opini,u
313,SMA,SMA Bahasa Indonesia Kritik Sastra dan Esai,u
314,SMA,SMA Bahasa Indonesia Resensi Nilai Fiksi dan Non Fiksi,u
315,SMA,SMA Fisika Besaran dan Satuan,a
316,SMA,SMA Fisika Vektor,a
317,SMA,SMA Fisika Gerak Lurus,a
318,SMA,SMA Fisika Gerak Parabola,a
319,SMA,SMA Fisika Gerak Melingkar Beraturan,a
320,SMA,SMA Fisika Hukum Newton (Gerak),a
321,SMA,SMA Fisika Hukum Newton (Gravitasi),a
322,SMA,SMA Fisika Usaha dan Energi,a
323,SMA,SMA Fisika Momentum dan Impuls,a
324,SMA,SMA Fisika Getaran Harmonis,a
325,SMA,SMA Fisika Listrik Arus Searah,a
326,SMA,SMA Fisika Listrik Statis,a
327,SMA,SMA Fisika Medan Magnet,a
328,SMA,SMA Fisika Induksi Elektromagnetik,a
329,SMA,SMA Fisika Listrik Arus Bolak-balik,a
330,SMA,SMA Fisika Gelombang Elektromagnetik,a
331,SMA,SMA Fisika Relativitas Khusus,a
332,SMA,SMA Fisika Fisika Kuantum,a
333,SMA,SMA Fisika Teknologi Digital,a
334,SMA,SMA Fisika Fisika Inti,a
335,SMA,SMA Fisika Sumber-sumber Energi,a
336,SMA,SMA Fisika Kesetimbangan dan Dinamika Rotasi,a
337,SMA,SMA Fisika Elastisitas dan Hukum Hooke,a
338,SMA,SMA Fisika Fluida Statis,a
339,SMA,SMA Fisika Fluida Dinamis,a
340,SMA,SMA Fisika Suhu dan Kalor,a
341,SMA,SMA Fisika Teori Kinetik Gas,a
342,SMA,SMA Fisika Termodinamika,a
343,SMA,SMA Fisika Gelombang Mekanik,a
344,SMA,SMA Fisika Gelombang Bunyi,a
345,SMA,SMA Fisika Gelombang Cahaya,a
346,SMA,SMA Fisika Alat-alat Optik,a
347,SMA,SMA Fisika Gejala Pemanasan Global,a
348,SMA,SMA Kimia Pendahuluan Ilmu Kimia,a
349,SMA,SMA Kimia Struktur Atom,a
350,SMA,SMA Kimia Sistem Periodik,a
351,SMA,SMA Kimia Ikatan Kimia,a
352,SMA,SMA Kimia Larutan Elektrolit dan Non Elektrolit,a
353,SMA,SMA Kimia Reaksi Redoks,a
354,SMA,SMA Kimia Tata Nama Senyawa dan Persamaan Reaksi,a
355,SMA,SMA Kimia Hukum Dasar Perhitungan Kimia,a
356,SMA,SMA Kimia Stoikiometri,a
357,SMA,SMA Kimia Hidrokarbon dan Minyak Bumi,a
358,SMA,SMA Kimia Laju Reaksi,a
359,SMA,SMA Kimia Kesetimbangan Kimia,a
360,SMA,SMA Kimia Larutan Asam Basa,a
361,SMA,SMA Kimia Stoikiometri Larutan,a
362,SMA,SMA Kimia Hidrolisis Garam,a
363,SMA,SMA Kimia Larutan Buffer,a
364,SMA,SMA Kimia Titrasi Asam Basa,a
365,SMA,SMA Kimia Kelarutan Garam,a
366,SMA,SMA Kimia Sistem Koloid,a
367,SMA,SMA Kimia Sifat Koligatif larutan,a
368,SMA,SMA Kimia Redoks dan Elektrokimia,a
369,SMA,SMA Kimia Kimia Unsur,a
370,SMA,SMA Kimia Senyawa Turunan Alkana,a
371,SMA,SMA Kimia Isomeri,a
372,SMA,SMA Kimia Reaksi Senyawa Karbon,a
373,SMA,SMA Kimia Identifikasi Senyawa Karbon,a
374,SMA,SMA Kimia Benzena,a
375,SMA,SMA Kimia Polimer,a
376,SMA,SMA Kimia Biomolekul,a
377,SMA,SMA Biologi Ruang Lingkup Biologi,a
378,SMA,SMA Biologi Keanekaragaman Hayati,a
379,SMA,SMA Biologi Klasifikasi Mahluk Hidup,a
380,SMA,SMA Biologi Virus,a
381,SMA,SMA Biologi Archaeobacteria dan Eubacteria (Monera),a
382,SMA,SMA Biologi Grup Protista,a
383,SMA,SMA Biologi Fungi/Jamur,a
384,SMA,SMA Biologi Plantae,a
385,SMA,SMA Biologi Animalia,a
386,SMA,SMA Biologi Ekologi,a
387,SMA,SMA Biologi Sel,a
388,SMA,SMA Biologi Struktur dan Fungsi Jaringan Tumbuhan,a
389,SMA,SMA Biologi Jaringan Hewan,a
390,SMA,"SMA Biologi Struktur dan Fungsi Tulang, Otot, dan Sendi",a
391,SMA,SMA Biologi Sistem Peredaran Darah,a
392,SMA,SMA Biologi Struktur dan Fungsi Sel pada Sistem Pencernaan,a
393,SMA,SMA Biologi Sistem Pernapasan,a
394,SMA,SMA Biologi Sistem Ekskresi,a
395,SMA,SMA Biologi Sistem Reproduksi,a
396,SMA,SMA Biologi Sistem Imun,a
397,SMA,SMA Biologi Sistem Endokrin,a
398,SMA,SMA Biologi Sistem Saraf & Indera,a
399,SMA,SMA Biologi Pertumbuhan dan Perkembangan,a
400,SMA,SMA Biologi Konsep Pertumbuhan dan Perkembangan,a
401,SMA,SMA Biologi Pertumbuhan dan Perkembangan Tumbuhan,a
402,SMA,SMA Biologi Faktor Intrinsik Pertumbuhan-Perkembangan Tumbuhan,a
403,SMA,SMA Biologi Faktor Ekstrinsik Pertumbuhan-Perkembangan Tumbuhan,a
404,SMA,SMA Biologi Perkembangan Hewan,a
405,SMA,SMA Biologi Enzim dan Energi,a
406,SMA,SMA Biologi Enzim & Energi,a
407,SMA,SMA Biologi Katabolisme,a
408,SMA,SMA Biologi Pengantar Katabolisme,a
409,SMA,SMA Biologi Glikosis,a
410,SMA,SMA Biologi Respirasi Aerob,a
411,SMA,SMA Biologi Respirasi Anaerob & Katabolisme Lemak,a
412,SMA,SMA Biologi Anabolisme,a
413,SMA,SMA Biologi Pengantar Anabolisme,a
414,SMA,SMA Biologi Reaksi Terang,a
415,SMA,SMA Biologi Siklus Calvin,a
416,SMA,SMA Biologi Fotorespirasi,a
417,SMA,SMA Biologi Tumbuhan C4 dan CAM,a
418,SMA,SMA Biologi Siklus dan Pembelahan Sel,a
419,SMA,SMA Biologi Siklus Sel dan Mitosis,a
420,SMA,SMA Biologi Kontrol Siklus Sel,a
421,SMA,SMA Biologi Meiosis & Gametogenesis,a
422,SMA,SMA Biologi Materi Genetik,a
423,SMA,SMA Biologi Struktur dan Komponen DNA,a
424,SMA,SMA Biologi Kromosom,a
425,SMA,SMA Biologi Gen dan Alel,a
426,SMA,SMA Biologi Replikasi DNA dan RNA,a
427,SMA,SMA Biologi Transkripsi,a
428,SMA,SMA Biologi Translasi,a
429,SMA,SMA Biologi Regulasi Ekspresi Gen,a
430,SMA,SMA Biologi Genetika dan Pewarisan Sifat,a
431,SMA,SMA Biologi Pengantar Genetika,a
432,SMA,SMA Biologi Hukum Mendel,a
433,SMA,SMA Biologi Perluasan Hukum Mendel,a
434,SMA,SMA Biologi Tautan dan Pindah Silang,a
435,SMA,SMA Biologi Determinasi Seks,a
436,SMA,SMA Biologi Analisis Silsilah,a
437,SMA,SMA Biologi Mutasi dan Kelainan Genetik,a
438,SMA,SMA Biologi Evolusi,a
439,SMA,SMA Biologi Asal-Usul Kehidupan,a
440,SMA,SMA Biologi Riwayat Pemikiran Evolusioner,a
441,SMA,SMA Biologi Mekanisme Evolusi,a
442,SMA,SMA Biologi Bukti Evolusi,a
443,SMA,SMA Biologi Rentang Waktu Geologis,a
444,SMA,SMA Biologi Evolusi Manusia,a
445,SMA,SMA Biologi Bioteknologi,a
446,SMA,SMA Biologi Pendahuluan dan Bioteknologi Konvensional,a
447,SMA,SMA Biologi Bioteknologi Molekuler,a
448,SMA,SMA Biologi Kloning Organisme,a
449,SMA,SMA Ekonomi Ilmu Ekonomi dan Permasalahannya,s
450,SMA,SMA Ekonomi Peran Pelaku Ekonomi dalam Kegiatan Ekonomi,s
451,SMA,SMA Ekonomi Keseimbangan Pasar dan Struktur Pasar,s
452,SMA,"SMA Ekonomi Bank Sentral, Sistem dan Alat Pembayaran dalam Perekonomian Indonesia",s
453,SMA,SMA Ekonomi Lembaga Jasa Keuangan dalam Perekonomian Indonesia,s
454,SMA,SMA Ekonomi Konsep Manajemen,s
455,SMA,SMA Ekonomi Konsep Badan Usaha dalam Perekonomian Indonesia,s
456,SMA,SMA Ekonomi Koperasi,s
457,SMA,SMA Ekonomi Pendapatan Nasional,s
458,SMA,SMA Ekonomi Pertumbuhan dan Pembangunan Ekonomi,s
459,SMA,SMA Ekonomi Permasalahan Ketenagakerjaan dalam Pembangunan Ekonomi,s
460,SMA,SMA Ekonomi Indeks Harga dan Inflasi,s
461,SMA,SMA Ekonomi Kebijakan Moneter dan Kebijakan Fiskal,s
462,SMA,SMA Ekonomi APBN dan APBD dalam Pembangunan Ekonomi,s
463,SMA,SMA Ekonomi Perpajakan dalam Pembangunan Ekonomi,s
464,SMA,SMA Ekonomi Perdagangan Internasional,s
465,SMA,SMA Ekonomi Kerjasama International,s
466,SMA,SMA Ekonomi Pasar Modal,s
467,SMA,SMA Ekonomi Akuntansi Sebagai Sistem Informasi,s
468,SMA,SMA Ekonomi Konsep Persamaan Dasar Akuntansi,s
469,SMA,SMA Ekonomi Penyusunan Siklus Akuntansi pada Perusahaan Jasa,s
470,SMA,SMA Ekonomi Penutupan Siklus Akuntansi pada Perusahaan Jasa,s
471,SMA,SMA Ekonomi Penyusunan Siklus Akuntansi pada Perusahaan Dagang,s
472,SMA,SMA Ekonomi Penutupan Siklus Akuntansi pada Perusahaan Dagang,s
473,SMA,SMA Sosiologi Sosiologi Sebagai Ilmu,s
474,SMA,SMA Sosiologi Interaksi Sosial,s
475,SMA,SMA Sosiologi Nilai & Norma,s
476,SMA,SMA Sosiologi Sosialisasi Kepribadian,s
477,SMA,SMA Sosiologi Penyimpangan Sosial,s
478,SMA,SMA Sosiologi Kelompok Sosial,s
479,SMA,SMA Sosiologi Permasalahan Sosial,s
480,SMA,SMA Sosiologi Struktur Sosial dan Diferensiasi Sosial,s
481,SMA,SMA Sosiologi Stratifikasi Sosial,s
482,SMA,SMA Sosiologi Mobilitas Sosial,s
483,SMA,SMA Sosiologi Lembaga/Institusi Sosial,s
484,SMA,SMA Sosiologi Kebudayaan & Multikulturalisme,s
485,SMA,SMA Sosiologi Konflik dan Integrasi Sosial,s
486,SMA,SMA Sosiologi Perubahan Sosial,s
487,SMA,SMA Sosiologi Modernisasi & Globalisasi,s
488,SMA,SMA Geografi Pengetahuan Dasar Geografi,s
489,SMA,"SMA Geografi Pengetahuan Dasar Pemetaan, Pengindraan Jauh, dan Sistem Informasi Geografis",s
490,SMA,SMA Geografi Langkah-Langkah Penelitian Geografi,s
491,SMA,SMA Geografi Dinamika Planet Bumi,s
492,SMA,SMA Geografi Dinamika Litosfer,s
493,SMA,SMA Geografi Dinamika Atmosfer,s
494,SMA,SMA Geografi Dinamika Hidrosfer,s
495,SMA,SMA Geografi Indonesia sebagai Poros Maritim Dunia,s
496,SMA,SMA Geografi Biosfer (Flora dan Fauna),s
497,SMA,SMA Geografi Sumber Daya Alam Indonesia,s
498,SMA,"SMA Geografi Usaha Ketahanan Pangan, Penyediaan Bahan Industri serta Energi Baru dan Terbarukan",s
499,SMA,SMA Geografi Dinamika Kependudukan,s
500,SMA,SMA Geografi Keragaman Budaya di Indonesia,s
501,SMA,SMA Geografi Mitigasi Bencana,s
502,SMA,SMA Geografi Konsep Wilayah dan Tata Ruang,s
503,SMA,SMA Geografi Interaksi Keruangan Desa dan Kota,s
504,SMA,"SMA Geografi Pemanfaatan Peta, Pengindraan Jauh, dan SIG",s
505,SMA,SMA Geografi Interaksi Negara Maju dan Negara Berkembang,s
506,SMA,SMA Sejarah Wajib Pengantar Ilmu Sejarah,u
507,SMA,SMA Sejarah Wajib Manusia Indonesia Masa Praaksara,u
508,SMA,SMA Sejarah Wajib Peradaban Hindu-Buddha Nusantara,u
509,SMA,SMA Sejarah Wajib Peradaban Islam Nusantara,u
510,SMA,SMA Sejarah Wajib Peradaban Bangsa Eropa di Nusantara,u
511,SMA,SMA Sejarah Wajib Perjuangan Kedaerahan Melawan Penjajahan,u
512,SMA,SMA Sejarah Wajib Perjuangan dan Pergerakan Nasional Indonesia,u
513,SMA,SMA Sejarah Wajib Pendudukan Jepang di Indonesia,u
514,SMA,SMA Sejarah Wajib Proklamasi Kemerdekaan dan Republik Indonesia Awal,u
515,SMA,SMA Sejarah Wajib Perjuangan dan Revolusi Mempertahankan Kemerdekaan,u
516,SMA,SMA Sejarah Wajib Tokoh Pergerakan Nasional (EKSTRA),u
517,SMA,SMA Sejarah Wajib Ekstra - Republik Indonesia Serikat,u
518,SMA,SMA Sejarah Wajib Indonesia Era Demokrasi Liberal,u
519,SMA,SMA Sejarah Wajib Perjuangan Melawan Ancaman Pemberontakan,u
520,SMA,SMA Sejarah Wajib Indonesia Era Demokrasi Terpimpin,u
521,SMA,SMA Sejarah Wajib Indonesia Era Orde Baru,u
522,SMA,SMA Sejarah Wajib Indonesia Era Orde Reformasi,u
523,SMA,SMA Sejarah Peminatan Pendahuluan Revolusi Dunia,s
524,SMA,SMA Sejarah Peminatan Revolusi Amerika,s
525,SMA,SMA Sejarah Peminatan Revolusi Prancis,s
526,SMA,SMA Sejarah Peminatan Revolusi Cina,s
527,SMA,SMA Sejarah Peminatan Revolusi Rusia,s
528,SMA,SMA Sejarah Peminatan Perang Dunia I,s
529,SMA,SMA Sejarah Peminatan Perang Dunia II,s
530,SMA,SMA Sejarah Peminatan Organisasi Mancanegara,s